 From , To , Amount 
0.00,25000.00,0.00
25001.00,25100.00,10.00
25101.00,25200.00,20.00
25201.00,25300.00,30.00
25301.00,25400.00,40.00
25401.00,25500.00,50.00
25501.00,25600.00,60.00
25601.00,25700.00,70.00
25701.00,25800.00,80.00
25801.00,25900.00,90.00
25901.00,26000.00,100.00
26001.00,26100.00,110.00
26101.00,26200.00,120.00
26201.00,26300.00,130.00
26301.00,26400.00,140.00
26401.00,26500.00,150.00
26501.00,26600.00,160.00
26601.00,26700.00,170.00
26701.00,26800.00,180.00
26801.00,26900.00,190.00
26901.00,27000.00,200.00
27001.00,27100.00,210.00
27101.00,27200.00,220.00
27201.00,27300.00,230.00
27301.00,27400.00,240.00
27401.00,27500.00,250.00
27501.00,27600.00,260.00
27601.00,27700.00,270.00
27701.00,27800.00,280.00
27801.00,27900.00,290.00
27901.00,28000.00,300.00
28001.00,28100.00,310.00
28101.00,28200.00,320.00
28201.00,28300.00,330.00
28301.00,28400.00,340.00
28401.00,28500.00,350.00
28501.00,28600.00,360.00
28601.00,28700.00,370.00
28701.00,28800.00,380.00
28801.00,28900.00,390.00
28901.00,29000.00,400.00
29001.00,29100.00,410.00
29101.00,29200.00,420.00
29201.00,29300.00,430.00
29301.00,29400.00,440.00
29401.00,29500.00,450.00
29501.00,29600.00,460.00
29601.00,29700.00,470.00
29701.00,29800.00,480.00
29801.00,29900.00,490.00
29901.00,30000.00,500.00
30001.00,30100.00,510.00
30101.00,30200.00,520.00
30201.00,30300.00,530.00
30301.00,30400.00,540.00
30401.00,30500.00,550.00
30501.00,30600.00,560.00
30601.00,30700.00,570.00
30701.00,30800.00,580.00
30801.00,30900.00,590.00
30901.00,31000.00,600.00
31001.00,31100.00,610.00
31101.00,31200.00,620.00
31201.00,31300.00,630.00
31301.00,31400.00,640.00
31401.00,31500.00,650.00
31501.00,31600.00,660.00
31601.00,31700.00,670.00
31701.00,31800.00,680.00
31801.00,31900.00,690.00
31901.00,32000.00,700.00
32001.00,32100.00,710.00
32101.00,32200.00,720.00
32201.00,32300.00,730.00
32301.00,32400.00,740.00
32401.00,32500.00,750.00
32501.00,32600.00,760.00
32601.00,32700.00,770.00
32701.00,32800.00,780.00
32801.00,32900.00,790.00
32901.00,33000.00,800.00
33001.00,33100.00,810.00
33101.00,33200.00,820.00
33201.00,33300.00,830.00
33301.00,33400.00,843.00
33401.00,33500.00,858.00
33501.00,33600.00,873.00
33601.00,33700.00,888.00
33701.00,33800.00,903.00
33801.00,33900.00,918.00
33901.00,34000.00,933.00
34001.00,34100.00,948.00
34101.00,34200.00,963.00
34201.00,34300.00,978.00
34301.00,34400.00,993.00
34401.00,34500.00,1008.00
34501.00,34600.00,1023.00
34601.00,34700.00,1038.00
34701.00,34800.00,1053.00
34801.00,34900.00,1068.00
34901.00,35000.00,1083.00
35001.00,35100.00,1098.00
35101.00,35200.00,1113.00
35201.00,35300.00,1128.00
35301.00,35400.00,1143.00
35401.00,35500.00,1158.00
35501.00,35600.00,1173.00
35601.00,35700.00,1188.00
35701.00,35800.00,1203.00
35801.00,35900.00,1218.00
35901.00,36000.00,1233.00
36001.00,36100.00,1248.00
36101.00,36200.00,1263.00
36201.00,36300.00,1278.00
36301.00,36400.00,1293.00
36401.00,36500.00,1308.00
36501.00,36600.00,1323.00
36601.00,36700.00,1338.00
36701.00,36800.00,1353.00
36801.00,36900.00,1368.00
36901.00,37000.00,1383.00
37001.00,37100.00,1398.00
37101.00,37200.00,1413.00
37201.00,37300.00,1428.00
37301.00,37400.00,1443.00
37401.00,37500.00,1458.00
37501.00,37600.00,1473.00
37601.00,37700.00,1488.00
37701.00,37800.00,1503.00
37801.00,37900.00,1518.00
37901.00,38000.00,1533.00
38001.00,38100.00,1548.00
38101.00,38200.00,1563.00
38201.00,38300.00,1578.00
38301.00,38400.00,1593.00
38401.00,38500.00,1608.00
38501.00,38600.00,1623.00
38601.00,38700.00,1638.00
38701.00,38800.00,1653.00
38801.00,38900.00,1668.00
38901.00,39000.00,1683.00
39001.00,39100.00,1698.00
39101.00,39200.00,1713.00
39201.00,39300.00,1728.00
39301.00,39400.00,1743.00
39401.00,39500.00,1758.00
39501.00,39600.00,1773.00
39601.00,39700.00,1788.00
39701.00,39800.00,1803.00
39801.00,39900.00,1818.00
39901.00,40000.00,1833.00
40001.00,40100.00,1848.00
40101.00,40200.00,1863.00
40201.00,40300.00,1878.00
40301.00,40400.00,1893.00
40401.00,40500.00,1908.00
40501.00,40600.00,1923.00
40601.00,40700.00,1938.00
40701.00,40800.00,1953.00
40801.00,40900.00,1968.00
40901.00,41000.00,1983.00
41001.00,41100.00,1998.00
41101.00,41200.00,2013.00
41201.00,41300.00,2028.00
41301.00,41400.00,2043.00
41401.00,41500.00,2058.00
41501.00,41600.00,2073.00
41601.00,41700.00,2088.00
41701.00,41800.00,2103.00
41801.00,41900.00,2118.00
41901.00,42000.00,2133.00
42001.00,42100.00,2148.00
42101.00,42200.00,2163.00
42201.00,42300.00,2178.00
42301.00,42400.00,2193.00
42401.00,42500.00,2208.00
42501.00,42600.00,2223.00
42601.00,42700.00,2238.00
42701.00,42800.00,2253.00
42801.00,42900.00,2268.00
42901.00,43000.00,2283.00
43001.00,43100.00,2298.00
43101.00,43200.00,2313.00
43201.00,43300.00,2328.00
43301.00,43400.00,2343.00
43401.00,43500.00,2358.00
43501.00,43600.00,2373.00
43601.00,43700.00,2388.00
43701.00,43800.00,2403.00
43801.00,43900.00,2418.00
43901.00,44000.00,2433.00
44001.00,44100.00,2448.00
44101.00,44200.00,2463.00
44201.00,44300.00,2478.00
44301.00,44400.00,2493.00
44401.00,44500.00,2508.00
44501.00,44600.00,2523.00
44601.00,44700.00,2538.00
44701.00,44800.00,2553.00
44801.00,44900.00,2568.00
44901.00,45000.00,2583.00
45001.00,45100.00,2598.00
45101.00,45200.00,2613.00
45201.00,45300.00,2628.00
45301.00,45400.00,2643.00
45401.00,45500.00,2658.00
45501.00,45600.00,2673.00
45601.00,45700.00,2688.00
45701.00,45800.00,2703.00
45801.00,45900.00,2718.00
45901.00,46000.00,2733.00
46001.00,46100.00,2748.00
46101.00,46200.00,2763.00
46201.00,46300.00,2778.00
46301.00,46400.00,2793.00
46401.00,46500.00,2808.00
46501.00,46600.00,2823.00
46601.00,46700.00,2838.00
46701.00,46800.00,2853.00
46801.00,46900.00,2868.00
46901.00,47000.00,2883.00
47001.00,47100.00,2898.00
47101.00,47200.00,2913.00
47201.00,47300.00,2928.00
47301.00,47400.00,2943.00
47401.00,47500.00,2958.00
47501.00,47600.00,2973.00
47601.00,47700.00,2988.00
47701.00,47800.00,3003.00
47801.00,47900.00,3018.00
47901.00,48000.00,3033.00
48001.00,48100.00,3048.00
48101.00,48200.00,3063.00
48201.00,48300.00,3078.00
48301.00,48400.00,3093.00
48401.00,48500.00,3108.00
48501.00,48600.00,3123.00
48601.00,48700.00,3138.00
48701.00,48800.00,3153.00
48801.00,48900.00,3168.00
48901.00,49000.00,3183.00
49001.00,49100.00,3198.00
49101.00,49200.00,3213.00
49201.00,49300.00,3228.00
49301.00,49400.00,3243.00
49401.00,49500.00,3258.00
49501.00,49600.00,3273.00
49601.00,49700.00,3288.00
49701.00,49800.00,3303.00
49801.00,49900.00,3318.00
49901.00,50000.00,3333.00
50001.00,50100.00,3348.00
50101.00,50200.00,3363.00
50201.00,50300.00,3378.00
50301.00,50400.00,3393.00
50401.00,50500.00,3408.00
50501.00,50600.00,3423.00
50601.00,50700.00,3438.00
50701.00,50800.00,3453.00
50801.00,50900.00,3468.00
50901.00,51000.00,3483.00
51001.00,51100.00,3498.00
51101.00,51200.00,3513.00
51201.00,51300.00,3528.00
51301.00,51400.00,3543.00
51401.00,51500.00,3558.00
51501.00,51600.00,3573.00
51601.00,51700.00,3588.00
51701.00,51800.00,3603.00
51801.00,51900.00,3618.00
51901.00,52000.00,3633.00
52001.00,52100.00,3648.00
52101.00,52200.00,3663.00
52201.00,52300.00,3678.00
52301.00,52400.00,3693.00
52401.00,52500.00,3708.00
52501.00,52600.00,3723.00
52601.00,52700.00,3738.00
52701.00,52800.00,3753.00
52801.00,52900.00,3768.00
52901.00,53000.00,3783.00
53001.00,53100.00,3798.00
53101.00,53200.00,3813.00
53201.00,53300.00,3828.00
53301.00,53400.00,3843.00
53401.00,53500.00,3858.00
53501.00,53600.00,3873.00
53601.00,53700.00,3888.00
53701.00,53800.00,3903.00
53801.00,53900.00,3918.00
53901.00,54000.00,3933.00
54001.00,54100.00,3948.00
54101.00,54200.00,3965.00
54201.00,54300.00,3985.00
54301.00,54400.00,4005.00
54401.00,54500.00,4025.00
54501.00,54600.00,4045.00
54601.00,54700.00,4065.00
54701.00,54800.00,4085.00
54801.00,54900.00,4105.00
54901.00,55000.00,4125.00
55001.00,55100.00,4145.00
55101.00,55200.00,4165.00
55201.00,55300.00,4185.00
55301.00,55400.00,4205.00
55401.00,55500.00,4225.00
55501.00,55600.00,4245.00
55601.00,55700.00,4265.00
55701.00,55800.00,4285.00
55801.00,55900.00,4305.00
55901.00,56000.00,4325.00
56001.00,56100.00,4345.00
56101.00,56200.00,4365.00
56201.00,56300.00,4385.00
56301.00,56400.00,4405.00
56401.00,56500.00,4425.00
56501.00,56600.00,4445.00
56601.00,56700.00,4465.00
56701.00,56800.00,4485.00
56801.00,56900.00,4505.00
56901.00,57000.00,4525.00
57001.00,57100.00,4545.00
57101.00,57200.00,4565.00
57201.00,57300.00,4585.00
57301.00,57400.00,4605.00
57401.00,57500.00,4625.00
57501.00,57600.00,4645.00
57601.00,57700.00,4665.00
57701.00,57800.00,4685.00
57801.00,57900.00,4705.00
57901.00,58000.00,4725.00
58001.00,58100.00,4745.00
58101.00,58200.00,4765.00
58201.00,58300.00,4785.00
58301.00,58400.00,4805.00
58401.00,58500.00,4825.00
58501.00,58600.00,4845.00
58601.00,58700.00,4865.00
58701.00,58800.00,4885.00
58801.00,58900.00,4905.00
58901.00,59000.00,4925.00
59001.00,59100.00,4945.00
59101.00,59200.00,4965.00
59201.00,59300.00,4985.00
59301.00,59400.00,5005.00
59401.00,59500.00,5025.00
59501.00,59600.00,5045.00
59601.00,59700.00,5065.00
59701.00,59800.00,5085.00
59801.00,59900.00,5105.00
59901.00,60000.00,5125.00
60001.00,60100.00,5145.00
60101.00,60200.00,5165.00
60201.00,60300.00,5185.00
60301.00,60400.00,5205.00
60401.00,60500.00,5225.00
60501.00,60600.00,5245.00
60601.00,60700.00,5265.00
60701.00,60800.00,5285.00
60801.00,60900.00,5305.00
60901.00,61000.00,5325.00
61001.00,61100.00,5345.00
61101.00,61200.00,5365.00
61201.00,61300.00,5385.00
61301.00,61400.00,5405.00
61401.00,61500.00,5425.00
61501.00,61600.00,5445.00
61601.00,61700.00,5465.00
61701.00,61800.00,5485.00
61801.00,61900.00,5505.00
61901.00,62000.00,5525.00
62001.00,62100.00,5545.00
62101.00,62200.00,5565.00
62201.00,62300.00,5585.00
62301.00,62400.00,5605.00
62401.00,62500.00,5625.00
62501.00,62600.00,5645.00
62601.00,62700.00,5665.00
62701.00,62800.00,5685.00
62801.00,62900.00,5705.00
62901.00,63000.00,5725.00
63001.00,63100.00,5745.00
63101.00,63200.00,5765.00
63201.00,63300.00,5785.00
63301.00,63400.00,5805.00
63401.00,63500.00,5825.00
63501.00,63600.00,5845.00
63601.00,63700.00,5865.00
63701.00,63800.00,5885.00
63801.00,63900.00,5905.00
63901.00,64000.00,5925.00
64001.00,64100.00,5945.00
64101.00,64200.00,5965.00
64201.00,64300.00,5985.00
64301.00,64400.00,6005.00
64401.00,64500.00,6025.00
64501.00,64600.00,6045.00
64601.00,64700.00,6065.00
64701.00,64800.00,6085.00
64801.00,64900.00,6105.00
64901.00,65000.00,6125.00
65001.00,65100.00,6145.00
65101.00,65200.00,6165.00
65201.00,65300.00,6185.00
65301.00,65400.00,6205.00
65401.00,65500.00,6225.00
65501.00,65600.00,6245.00
65601.00,65700.00,6265.00
65701.00,65800.00,6285.00
65801.00,65900.00,6305.00
65901.00,66000.00,6325.00
66001.00,66100.00,6345.00
66101.00,66200.00,6365.00
66201.00,66300.00,6385.00
66301.00,66400.00,6405.00
66401.00,66500.00,6425.00
66501.00,66600.00,6445.00
66601.00,66700.00,6465.00
66701.00,66800.00,6485.00
66801.00,66900.00,6505.00
66901.00,67000.00,6525.00
67001.00,67100.00,6545.00
67101.00,67200.00,6565.00
67201.00,67300.00,6585.00
67301.00,67400.00,6605.00
67401.00,67500.00,6625.00
67501.00,67600.00,6645.00
67601.00,67700.00,6665.00
67701.00,67800.00,6685.00
67801.00,67900.00,6705.00
67901.00,68000.00,6725.00
68001.00,68100.00,6745.00
68101.00,68200.00,6765.00
68201.00,68300.00,6785.00
68301.00,68400.00,6805.00
68401.00,68500.00,6825.00
68501.00,68600.00,6845.00
68601.00,68700.00,6865.00
68701.00,68800.00,6885.00
68801.00,68900.00,6905.00
68901.00,69000.00,6925.00
69001.00,69100.00,6945.00
69101.00,69200.00,6965.00
69201.00,69300.00,6985.00
69301.00,69400.00,7005.00
69401.00,69500.00,7025.00
69501.00,69600.00,7045.00
69601.00,69700.00,7065.00
69701.00,69800.00,7085.00
69801.00,69900.00,7105.00
69901.00,70000.00,7125.00
70001.00,70100.00,7145.00
70101.00,70200.00,7165.00
70201.00,70300.00,7185.00
70301.00,70400.00,7205.00
70401.00,70500.00,7225.00
70501.00,70600.00,7245.00
70601.00,70700.00,7265.00
70701.00,70800.00,7285.00
70801.00,70900.00,7305.00
70901.00,71000.00,7325.00
71001.00,71100.00,7345.00
71101.00,71200.00,7365.00
71201.00,71300.00,7385.00
71301.00,71400.00,7405.00
71401.00,71500.00,7425.00
71501.00,71600.00,7445.00
71601.00,71700.00,7465.00
71701.00,71800.00,7485.00
71801.00,71900.00,7505.00
71901.00,72000.00,7525.00
72001.00,72100.00,7545.00
72101.00,72200.00,7565.00
72201.00,72300.00,7585.00
72301.00,72400.00,7605.00
72401.00,72500.00,7625.00
72501.00,72600.00,7645.00
72601.00,72700.00,7665.00
72701.00,72800.00,7685.00
72801.00,72900.00,7705.00
72901.00,73000.00,7725.00
73001.00,73100.00,7745.00
73101.00,73200.00,7765.00
73201.00,73300.00,7785.00
73301.00,73400.00,7805.00
73401.00,73500.00,7825.00
73501.00,73600.00,7845.00
73601.00,73700.00,7865.00
73701.00,73800.00,7885.00
73801.00,73900.00,7905.00
73901.00,74000.00,7925.00
74001.00,74100.00,7945.00
74101.00,74200.00,7965.00
74201.00,74300.00,7985.00
74301.00,74400.00,8005.00
74401.00,74500.00,8025.00
74501.00,74600.00,8045.00
74601.00,74700.00,8065.00
74701.00,74800.00,8085.00
74801.00,74900.00,8105.00
74901.00,75000.00,8125.00
75001.00,75100.00,8145.00
75101.00,75200.00,8165.00
75201.00,75300.00,8185.00
75301.00,75400.00,8205.00
75401.00,75500.00,8225.00
75501.00,75600.00,8245.00
75601.00,75700.00,8265.00
75701.00,75800.00,8285.00
75801.00,75900.00,8305.00
75901.00,76000.00,8325.00
76001.00,76100.00,8345.00
76101.00,76200.00,8365.00
76201.00,76300.00,8385.00
76301.00,76400.00,8405.00
76401.00,76500.00,8425.00
76501.00,76600.00,8445.00
76601.00,76700.00,8465.00
76701.00,76800.00,8485.00
76801.00,76900.00,8505.00
76901.00,77000.00,8525.00
77001.00,77100.00,8545.00
77101.00,77200.00,8565.00
77201.00,77300.00,8585.00
77301.00,77400.00,8605.00
77401.00,77500.00,8625.00
77501.00,77600.00,8645.00
77601.00,77700.00,8665.00
77701.00,77800.00,8685.00
77801.00,77900.00,8705.00
77901.00,78000.00,8725.00
78001.00,78100.00,8745.00
78101.00,78200.00,8765.00
78201.00,78300.00,8785.00
78301.00,78400.00,8805.00
78401.00,78500.00,8825.00
78501.00,78600.00,8845.00
78601.00,78700.00,8865.00
78701.00,78800.00,8885.00
78801.00,78900.00,8905.00
78901.00,79000.00,8925.00
79001.00,79100.00,8945.00
79101.00,79200.00,8965.00
79201.00,79300.00,8985.00
79301.00,79400.00,9005.00
79401.00,79500.00,9025.00
79501.00,79600.00,9045.00
79601.00,79700.00,9065.00
79701.00,79800.00,9085.00
79801.00,79900.00,9105.00
79901.00,80000.00,9125.00
80001.00,80100.00,9145.00
80101.00,80200.00,9165.00
80201.00,80300.00,9185.00
80301.00,80400.00,9205.00
80401.00,80500.00,9225.00
80501.00,80600.00,9245.00
80601.00,80700.00,9265.00
80701.00,80800.00,9285.00
80801.00,80900.00,9305.00
80901.00,81000.00,9325.00
81001.00,81100.00,9345.00
81101.00,81200.00,9365.00
81201.00,81300.00,9385.00
81301.00,81400.00,9405.00
81401.00,81500.00,9425.00
81501.00,81600.00,9445.00
81601.00,81700.00,9465.00
81701.00,81800.00,9485.00
81801.00,81900.00,9505.00
81901.00,82000.00,9525.00
82001.00,82100.00,9545.00
82101.00,82200.00,9565.00
82201.00,82300.00,9585.00
82301.00,82400.00,9605.00
82401.00,82500.00,9625.00
82501.00,82600.00,9645.00
82601.00,82700.00,9665.00
82701.00,82800.00,9685.00
82801.00,82900.00,9705.00
82901.00,83000.00,9725.00
83001.00,83100.00,9745.00
83101.00,83200.00,9765.00
83201.00,83300.00,9785.00
83301.00,83400.00,9808.00
83401.00,83500.00,9833.00
83501.00,83600.00,9858.00
83601.00,83700.00,9883.00
83701.00,83800.00,9908.00
83801.00,83900.00,9933.00
83901.00,84000.00,9958.00
84001.00,84100.00,9983.00
84101.00,84200.00,10008.00
84201.00,84300.00,10033.00
84301.00,84400.00,10058.00
84401.00,84500.00,10083.00
84501.00,84600.00,10108.00
84601.00,84700.00,10133.00
84701.00,84800.00,10158.00
84801.00,84900.00,10183.00
84901.00,85000.00,10208.00
85001.00,85100.00,10233.00
85101.00,85200.00,10258.00
85201.00,85300.00,10283.00
85301.00,85400.00,10308.00
85401.00,85500.00,10333.00
85501.00,85600.00,10358.00
85601.00,85700.00,10383.00
85701.00,85800.00,10408.00
85801.00,85900.00,10433.00
85901.00,86000.00,10458.00
86001.00,86100.00,10483.00
86101.00,86200.00,10508.00
86201.00,86300.00,10533.00
86301.00,86400.00,10558.00
86401.00,86500.00,10583.00
86501.00,86600.00,10608.00
86601.00,86700.00,10633.00
86701.00,86800.00,10658.00
86801.00,86900.00,10683.00
86901.00,87000.00,10708.00
87001.00,87100.00,10733.00
87101.00,87200.00,10758.00
87201.00,87300.00,10783.00
87301.00,87400.00,10808.00
87401.00,87500.00,10833.00
87501.00,87600.00,10858.00
87601.00,87700.00,10883.00
87701.00,87800.00,10908.00
87801.00,87900.00,10933.00
87901.00,88000.00,10958.00
88001.00,88100.00,10983.00
88101.00,88200.00,11008.00
88201.00,88300.00,11033.00
88301.00,88400.00,11058.00
88401.00,88500.00,11083.00
88501.00,88600.00,11108.00
88601.00,88700.00,11133.00
88701.00,88800.00,11158.00
88801.00,88900.00,11183.00
88901.00,89000.00,11208.00
89001.00,89100.00,11233.00
89101.00,89200.00,11258.00
89201.00,89300.00,11283.00
89301.00,89400.00,11308.00
89401.00,89500.00,11333.00
89501.00,89600.00,11358.00
89601.00,89700.00,11383.00
89701.00,89800.00,11408.00
89801.00,89900.00,11433.00
89901.00,90000.00,11458.00
90001.00,90100.00,11483.00
90101.00,90200.00,11508.00
90201.00,90300.00,11533.00
90301.00,90400.00,11558.00
90401.00,90500.00,11583.00
90501.00,90600.00,11608.00
90601.00,90700.00,11633.00
90701.00,90800.00,11658.00
90801.00,90900.00,11683.00
90901.00,91000.00,11708.00
91001.00,91100.00,11733.00
91101.00,91200.00,11758.00
91201.00,91300.00,11783.00
91301.00,91400.00,11808.00
91401.00,91500.00,11833.00
91501.00,91600.00,11858.00
91601.00,91700.00,11883.00
91701.00,91800.00,11908.00
91801.00,91900.00,11933.00
91901.00,92000.00,11958.00
92001.00,92100.00,11983.00
92101.00,92200.00,12008.00
92201.00,92300.00,12033.00
92301.00,92400.00,12058.00
92401.00,92500.00,12083.00
92501.00,92600.00,12108.00
92601.00,92700.00,12133.00
92701.00,92800.00,12158.00
92801.00,92900.00,12183.00
92901.00,93000.00,12208.00
93001.00,93100.00,12233.00
93101.00,93200.00,12258.00
93201.00,93300.00,12283.00
93301.00,93400.00,12308.00
93401.00,93500.00,12333.00
93501.00,93600.00,12358.00
93601.00,93700.00,12383.00
93701.00,93800.00,12408.00
93801.00,93900.00,12433.00
93901.00,94000.00,12458.00
94001.00,94100.00,12483.00
94101.00,94200.00,12508.00
94201.00,94300.00,12533.00
94301.00,94400.00,12558.00
94401.00,94500.00,12583.00
94501.00,94600.00,12608.00
94601.00,94700.00,12633.00
94701.00,94800.00,12658.00
94801.00,94900.00,12683.00
94901.00,95000.00,12708.00
95001.00,95100.00,12733.00
95101.00,95200.00,12758.00
95201.00,95300.00,12783.00
95301.00,95400.00,12808.00
95401.00,95500.00,12833.00
95501.00,95600.00,12858.00
95601.00,95700.00,12883.00
95701.00,95800.00,12908.00
95801.00,95900.00,12933.00
95901.00,96000.00,12958.00
96001.00,96100.00,12983.00
96101.00,96200.00,13008.00
96201.00,96300.00,13033.00
96301.00,96400.00,13058.00
96401.00,96500.00,13083.00
96501.00,96600.00,13108.00
96601.00,96700.00,13133.00
96701.00,96800.00,13158.00
96801.00,96900.00,13183.00
96901.00,97000.00,13208.00
97001.00,97100.00,13233.00
97101.00,97200.00,13258.00
97201.00,97300.00,13283.00
97301.00,97400.00,13308.00
97401.00,97500.00,13333.00
97501.00,97600.00,13358.00
97601.00,97700.00,13383.00
97701.00,97800.00,13408.00
97801.00,97900.00,13433.00
97901.00,98000.00,13458.00
98001.00,98100.00,13483.00
98101.00,98200.00,13508.00
98201.00,98300.00,13533.00
98301.00,98400.00,13558.00
98401.00,98500.00,13583.00
98501.00,98600.00,13608.00
98601.00,98700.00,13633.00
98701.00,98800.00,13658.00
98801.00,98900.00,13683.00
98901.00,99000.00,13708.00
99001.00,99100.00,13733.00
99101.00,99200.00,13758.00
99201.00,99300.00,13783.00
99301.00,99400.00,13808.00
99401.00,99500.00,13833.00
99501.00,99600.00,13858.00
99601.00,99700.00,13883.00
99701.00,99800.00,13908.00
99801.00,99900.00,13933.00
99901.00,100000.00,13958.00
100001.00,100100.00,13983.00
100101.00,100200.00,14008.00
100201.00,100300.00,14033.00
100301.00,100400.00,14058.00
100401.00,100500.00,14083.00
100501.00,100600.00,14108.00
100601.00,100700.00,14133.00
100701.00,100800.00,14158.00
100801.00,100900.00,14183.00
100901.00,101000.00,14208.00
101001.00,101100.00,14233.00
101101.00,101200.00,14258.00
101201.00,101300.00,14283.00
101301.00,101400.00,14308.00
101401.00,101500.00,14333.00
101501.00,101600.00,14358.00
101601.00,101700.00,14383.00
101701.00,101800.00,14408.00
101801.00,101900.00,14433.00
101901.00,102000.00,14458.00
102001.00,102100.00,14483.00
102101.00,102200.00,14508.00
102201.00,102300.00,14533.00
102301.00,102400.00,14558.00
102401.00,102500.00,14583.00
102501.00,102600.00,14608.00
102601.00,102700.00,14633.00
102701.00,102800.00,14658.00
102801.00,102900.00,14683.00
102901.00,103000.00,14708.00
103001.00,103100.00,14733.00
103101.00,103200.00,14758.00
103201.00,103300.00,14783.00
103301.00,103400.00,14808.00
103401.00,103500.00,14833.00
103501.00,103600.00,14858.00
103601.00,103700.00,14883.00
103701.00,103800.00,14908.00
103801.00,103900.00,14933.00
103901.00,104000.00,14958.00
104001.00,104100.00,14983.00
104101.00,104200.00,15008.00
104201.00,104300.00,15033.00
104301.00,104400.00,15058.00
104401.00,104500.00,15083.00
104501.00,104600.00,15108.00
104601.00,104700.00,15133.00
104701.00,104800.00,15158.00
104801.00,104900.00,15183.00
104901.00,105000.00,15208.00
105001.00,105100.00,15233.00
105101.00,105200.00,15258.00
105201.00,105300.00,15283.00
105301.00,105400.00,15308.00
105401.00,105500.00,15333.00
105501.00,105600.00,15358.00
105601.00,105700.00,15383.00
105701.00,105800.00,15408.00
105801.00,105900.00,15433.00
105901.00,106000.00,15458.00
106001.00,106100.00,15483.00
106101.00,106200.00,15508.00
106201.00,106300.00,15533.00
106301.00,106400.00,15558.00
106401.00,106500.00,15583.00
106501.00,106600.00,15608.00
106601.00,106700.00,15633.00
106701.00,106800.00,15658.00
106801.00,106900.00,15683.00
106901.00,107000.00,15708.00
107001.00,107100.00,15733.00
107101.00,107200.00,15758.00
107201.00,107300.00,15783.00
107301.00,107400.00,15808.00
107401.00,107500.00,15833.00
107501.00,107600.00,15858.00
107601.00,107700.00,15883.00
107701.00,107800.00,15908.00
107801.00,107900.00,15933.00
107901.00,108000.00,15958.00
108001.00,108100.00,15983.00
108101.00,108200.00,16008.00
108201.00,108300.00,16033.00
108301.00,108400.00,16058.00
108401.00,108500.00,16083.00
108501.00,108600.00,16108.00
108601.00,108700.00,16133.00
108701.00,108800.00,16158.00
108801.00,108900.00,16183.00
108901.00,109000.00,16208.00
109001.00,109100.00,16233.00
109101.00,109200.00,16258.00
109201.00,109300.00,16283.00
109301.00,109400.00,16308.00
109401.00,109500.00,16333.00
109501.00,109600.00,16358.00
109601.00,109700.00,16383.00
109701.00,109800.00,16408.00
109801.00,109900.00,16433.00
109901.00,110000.00,16458.00
110001.00,110100.00,16483.00
110101.00,110200.00,16508.00
110201.00,110300.00,16533.00
110301.00,110400.00,16558.00
110401.00,110500.00,16583.00
110501.00,110600.00,16608.00
110601.00,110700.00,16633.00
110701.00,110800.00,16658.00
110801.00,110900.00,16683.00
110901.00,111000.00,16708.00
111001.00,111100.00,16733.00
111101.00,111200.00,16758.00
111201.00,111300.00,16783.00
111301.00,111400.00,16808.00
111401.00,111500.00,16833.00
111501.00,111600.00,16858.00
111601.00,111700.00,16883.00
111701.00,111800.00,16908.00
111801.00,111900.00,16933.00
111901.00,112000.00,16958.00
112001.00,112100.00,16983.00
112101.00,112200.00,17008.00
112201.00,112300.00,17033.00
112301.00,112400.00,17058.00
112401.00,112500.00,17083.00
112501.00,112600.00,17108.00
112601.00,112700.00,17133.00
112701.00,112800.00,17158.00
112801.00,112900.00,17183.00
112901.00,113000.00,17208.00
113001.00,113100.00,17233.00
113101.00,113200.00,17258.00
113201.00,113300.00,17283.00
113301.00,113400.00,17308.00
113401.00,113500.00,17333.00
113501.00,113600.00,17358.00
113601.00,113700.00,17383.00
113701.00,113800.00,17408.00
113801.00,113900.00,17433.00
113901.00,114000.00,17458.00
114001.00,114100.00,17483.00
114101.00,114200.00,17508.00
114201.00,114300.00,17533.00
114301.00,114400.00,17558.00
114401.00,114500.00,17583.00
114501.00,114600.00,17608.00
114601.00,114700.00,17633.00
114701.00,114800.00,17658.00
114801.00,114900.00,17683.00
114901.00,115000.00,17708.00
115001.00,115100.00,17733.00
115101.00,115200.00,17758.00
115201.00,115300.00,17783.00
115301.00,115400.00,17808.00
115401.00,115500.00,17833.00
115501.00,115600.00,17858.00
115601.00,115700.00,17883.00
115701.00,115800.00,17908.00
115801.00,115900.00,17933.00
115901.00,116000.00,17958.00
116001.00,116100.00,17983.00
116101.00,116200.00,18008.00
116201.00,116300.00,18033.00
116301.00,116400.00,18058.00
116401.00,116500.00,18083.00
116501.00,116600.00,18108.00
116601.00,116700.00,18133.00
116701.00,116800.00,18158.00
116801.00,116900.00,18183.00
116901.00,117000.00,18208.00
117001.00,117100.00,18233.00
117101.00,117200.00,18258.00
117201.00,117300.00,18283.00
117301.00,117400.00,18308.00
117401.00,117500.00,18333.00
117501.00,117600.00,18358.00
117601.00,117700.00,18383.00
117701.00,117800.00,18408.00
117801.00,117900.00,18433.00
117901.00,118000.00,18458.00
118001.00,118100.00,18483.00
118101.00,118200.00,18508.00
118201.00,118300.00,18533.00
118301.00,118400.00,18558.00
118401.00,118500.00,18583.00
118501.00,118600.00,18608.00
118601.00,118700.00,18633.00
118701.00,118800.00,18658.00
118801.00,118900.00,18683.00
118901.00,119000.00,18708.00
119001.00,119100.00,18733.00
119101.00,119200.00,18758.00
119201.00,119300.00,18783.00
119301.00,119400.00,18808.00
119401.00,119500.00,18833.00
119501.00,119600.00,18858.00
119601.00,119700.00,18883.00
119701.00,119800.00,18908.00
119801.00,119900.00,18933.00
119901.00,120000.00,18958.00
120001.00,120100.00,18983.00
120101.00,120200.00,19008.00
120201.00,120300.00,19033.00
120301.00,120400.00,19058.00
120401.00,120500.00,19083.00
120501.00,120600.00,19108.00
120601.00,120700.00,19133.00
120701.00,120800.00,19158.00
120801.00,120900.00,19183.00
120901.00,121000.00,19208.00
121001.00,121100.00,19233.00
121101.00,121200.00,19258.00
121201.00,121300.00,19283.00
121301.00,121400.00,19308.00
121401.00,121500.00,19333.00
121501.00,121600.00,19358.00
121601.00,121700.00,19383.00
121701.00,121800.00,19408.00
121801.00,121900.00,19433.00
121901.00,122000.00,19458.00
122001.00,122100.00,19483.00
122101.00,122200.00,19508.00
122201.00,122300.00,19533.00
122301.00,122400.00,19558.00
122401.00,122500.00,19583.00
122501.00,122600.00,19608.00
122601.00,122700.00,19633.00
122701.00,122800.00,19658.00
122801.00,122900.00,19683.00
122901.00,123000.00,19708.00
123001.00,123100.00,19733.00
123101.00,123200.00,19758.00
123201.00,123300.00,19783.00
123301.00,123400.00,19808.00
123401.00,123500.00,19833.00
123501.00,123600.00,19858.00
123601.00,123700.00,19883.00
123701.00,123800.00,19908.00
123801.00,123900.00,19933.00
123901.00,124000.00,19958.00
124001.00,124100.00,19983.00
124101.00,124200.00,20008.00
124201.00,124300.00,20033.00
124301.00,124400.00,20058.00
124401.00,124500.00,20083.00
124501.00,124600.00,20108.00
124601.00,124700.00,20133.00
124701.00,124800.00,20158.00
124801.00,124900.00,20183.00
124901.00,125000.00,20208.00
125001.00,125100.00,20238.00
125101.00,125200.00,20268.00
125201.00,125300.00,20298.00
125301.00,125400.00,20328.00
125401.00,125500.00,20358.00
125501.00,125600.00,20388.00
125601.00,125700.00,20418.00
125701.00,125800.00,20448.00
125801.00,125900.00,20478.00
125901.00,126000.00,20508.00
126001.00,126100.00,20538.00
126101.00,126200.00,20568.00
126201.00,126300.00,20598.00
126301.00,126400.00,20628.00
126401.00,126500.00,20658.00
126501.00,126600.00,20688.00
126601.00,126700.00,20718.00
126701.00,126800.00,20748.00
126801.00,126900.00,20778.00
126901.00,127000.00,20808.00
127001.00,127100.00,20838.00
127101.00,127200.00,20868.00
127201.00,127300.00,20898.00
127301.00,127400.00,20928.00
127401.00,127500.00,20958.00
127501.00,127600.00,20988.00
127601.00,127700.00,21018.00
127701.00,127800.00,21048.00
127801.00,127900.00,21078.00
127901.00,128000.00,21108.00
128001.00,128100.00,21138.00
128101.00,128200.00,21168.00
128201.00,128300.00,21198.00
128301.00,128400.00,21228.00
128401.00,128500.00,21258.00
128501.00,128600.00,21288.00
128601.00,128700.00,21318.00
128701.00,128800.00,21348.00
128801.00,128900.00,21378.00
128901.00,129000.00,21408.00
129001.00,129100.00,21438.00
129101.00,129200.00,21468.00
129201.00,129300.00,21498.00
129301.00,129400.00,21528.00
129401.00,129500.00,21558.00
129501.00,129600.00,21588.00
129601.00,129700.00,21618.00
129701.00,129800.00,21648.00
129801.00,129900.00,21678.00
129901.00,130000.00,21708.00
130001.00,130100.00,21738.00
130101.00,130200.00,21768.00
130201.00,130300.00,21798.00
130301.00,130400.00,21828.00
130401.00,130500.00,21858.00
130501.00,130600.00,21888.00
130601.00,130700.00,21918.00
130701.00,130800.00,21948.00
130801.00,130900.00,21978.00
130901.00,131000.00,22008.00
131001.00,131100.00,22038.00
131101.00,131200.00,22068.00
131201.00,131300.00,22098.00
131301.00,131400.00,22128.00
131401.00,131500.00,22158.00
131501.00,131600.00,22188.00
131601.00,131700.00,22218.00
131701.00,131800.00,22248.00
131801.00,131900.00,22278.00
131901.00,132000.00,22308.00
132001.00,132100.00,22338.00
132101.00,132200.00,22368.00
132201.00,132300.00,22398.00
132301.00,132400.00,22428.00
132401.00,132500.00,22458.00
132501.00,132600.00,22488.00
132601.00,132700.00,22518.00
132701.00,132800.00,22548.00
132801.00,132900.00,22578.00
132901.00,133000.00,22608.00
133001.00,133100.00,22638.00
133101.00,133200.00,22668.00
133201.00,133300.00,22698.00
133301.00,133400.00,22728.00
133401.00,133500.00,22758.00
133501.00,133600.00,22788.00
133601.00,133700.00,22818.00
133701.00,133800.00,22848.00
133801.00,133900.00,22878.00
133901.00,134000.00,22908.00
134001.00,134100.00,22938.00
134101.00,134200.00,22968.00
134201.00,134300.00,22998.00
134301.00,134400.00,23028.00
134401.00,134500.00,23058.00
134501.00,134600.00,23088.00
134601.00,134700.00,23118.00
134701.00,134800.00,23148.00
134801.00,134900.00,23178.00
134901.00,135000.00,23208.00
135001.00,135100.00,23238.00
135101.00,135200.00,23268.00
135201.00,135300.00,23298.00
135301.00,135400.00,23328.00
135401.00,135500.00,23358.00
135501.00,135600.00,23388.00
135601.00,135700.00,23418.00
135701.00,135800.00,23448.00
135801.00,135900.00,23478.00
135901.00,136000.00,23508.00
136001.00,136100.00,23538.00
136101.00,136200.00,23568.00
136201.00,136300.00,23598.00
136301.00,136400.00,23628.00
136401.00,136500.00,23658.00
136501.00,136600.00,23688.00
136601.00,136700.00,23718.00
136701.00,136800.00,23748.00
136801.00,136900.00,23778.00
136901.00,137000.00,23808.00
137001.00,137100.00,23838.00
137101.00,137200.00,23868.00
137201.00,137300.00,23898.00
137301.00,137400.00,23928.00
137401.00,137500.00,23958.00
137501.00,137600.00,23988.00
137601.00,137700.00,24018.00
137701.00,137800.00,24048.00
137801.00,137900.00,24078.00
137901.00,138000.00,24108.00
138001.00,138100.00,24138.00
138101.00,138200.00,24168.00
138201.00,138300.00,24198.00
138301.00,138400.00,24228.00
138401.00,138500.00,24258.00
138501.00,138600.00,24288.00
138601.00,138700.00,24318.00
138701.00,138800.00,24348.00
138801.00,138900.00,24378.00
138901.00,139000.00,24408.00
139001.00,139100.00,24438.00
139101.00,139200.00,24468.00
139201.00,139300.00,24498.00
139301.00,139400.00,24528.00
139401.00,139500.00,24558.00
139501.00,139600.00,24588.00
139601.00,139700.00,24618.00
139701.00,139800.00,24648.00
139801.00,139900.00,24678.00
139901.00,140000.00,24708.00
140001.00,140100.00,24738.00
140101.00,140200.00,24768.00
140201.00,140300.00,24798.00
140301.00,140400.00,24828.00
140401.00,140500.00,24858.00
140501.00,140600.00,24888.00
140601.00,140700.00,24918.00
140701.00,140800.00,24948.00
140801.00,140900.00,24978.00
140901.00,141000.00,25008.00
141001.00,141100.00,25038.00
141101.00,141200.00,25068.00
141201.00,141300.00,25098.00
141301.00,141400.00,25128.00
141401.00,141500.00,25158.00
141501.00,141600.00,25188.00
141601.00,141700.00,25218.00
141701.00,141800.00,25248.00
141801.00,141900.00,25278.00
141901.00,142000.00,25308.00
142001.00,142100.00,25338.00
142101.00,142200.00,25368.00
142201.00,142300.00,25398.00
142301.00,142400.00,25428.00
142401.00,142500.00,25458.00
142501.00,142600.00,25488.00
142601.00,142700.00,25518.00
142701.00,142800.00,25548.00
142801.00,142900.00,25578.00
142901.00,143000.00,25608.00
143001.00,143100.00,25638.00
143101.00,143200.00,25668.00
143201.00,143300.00,25698.00
143301.00,143400.00,25728.00
143401.00,143500.00,25758.00
143501.00,143600.00,25788.00
143601.00,143700.00,25818.00
143701.00,143800.00,25848.00
143801.00,143900.00,25878.00
143901.00,144000.00,25908.00
144001.00,144100.00,25938.00
144101.00,144200.00,25968.00
144201.00,144300.00,25998.00
144301.00,144400.00,26028.00
144401.00,144500.00,26058.00
144501.00,144600.00,26088.00
144601.00,144700.00,26118.00
144701.00,144800.00,26148.00
144801.00,144900.00,26178.00
144901.00,145000.00,26208.00
145001.00,145100.00,26238.00
145101.00,145200.00,26268.00
145201.00,145300.00,26298.00
145301.00,145400.00,26328.00
145401.00,145500.00,26358.00
145501.00,145600.00,26388.00
145601.00,145700.00,26418.00
145701.00,145800.00,26448.00
145801.00,145900.00,26478.00
145901.00,146000.00,26508.00
146001.00,146100.00,26538.00
146101.00,146200.00,26568.00
146201.00,146300.00,26598.00
146301.00,146400.00,26628.00
146401.00,146500.00,26658.00
146501.00,146600.00,26688.00
146601.00,146700.00,26718.00
146701.00,146800.00,26748.00
146801.00,146900.00,26778.00
146901.00,147000.00,26808.00
147001.00,147100.00,26838.00
147101.00,147200.00,26868.00
147201.00,147300.00,26898.00
147301.00,147400.00,26928.00
147401.00,147500.00,26958.00
147501.00,147600.00,26988.00
147601.00,147700.00,27018.00
147701.00,147800.00,27048.00
147801.00,147900.00,27078.00
147901.00,148000.00,27108.00
148001.00,148100.00,27138.00
148101.00,148200.00,27168.00
148201.00,148300.00,27198.00
148301.00,148400.00,27228.00
148401.00,148500.00,27258.00
148501.00,148600.00,27288.00
148601.00,148700.00,27318.00
148701.00,148800.00,27348.00
148801.00,148900.00,27378.00
148901.00,149000.00,27408.00
149001.00,149100.00,27438.00
149101.00,149200.00,27468.00
149201.00,149300.00,27498.00
149301.00,149400.00,27528.00
149401.00,149500.00,27558.00
149501.00,149600.00,27588.00
149601.00,149700.00,27618.00
149701.00,149800.00,27648.00
149801.00,149900.00,27678.00
149901.00,150000.00,27708.00
150001.00,150100.00,27738.00
150101.00,150200.00,27768.00
150201.00,150300.00,27798.00
150301.00,150400.00,27828.00
150401.00,150500.00,27858.00
150501.00,150600.00,27888.00
150601.00,150700.00,27918.00
150701.00,150800.00,27948.00
150801.00,150900.00,27978.00
150901.00,151000.00,28008.00
151001.00,151100.00,28038.00
151101.00,151200.00,28068.00
151201.00,151300.00,28098.00
151301.00,151400.00,28128.00
151401.00,151500.00,28158.00
151501.00,151600.00,28188.00
151601.00,151700.00,28218.00
151701.00,151800.00,28248.00
151801.00,151900.00,28278.00
151901.00,152000.00,28308.00
152001.00,152100.00,28338.00
152101.00,152200.00,28368.00
152201.00,152300.00,28398.00
152301.00,152400.00,28428.00
152401.00,152500.00,28458.00
152501.00,152600.00,28488.00
152601.00,152700.00,28518.00
152701.00,152800.00,28548.00
152801.00,152900.00,28578.00
152901.00,153000.00,28608.00
153001.00,153100.00,28638.00
153101.00,153200.00,28668.00
153201.00,153300.00,28698.00
153301.00,153400.00,28728.00
153401.00,153500.00,28758.00
153501.00,153600.00,28788.00
153601.00,153700.00,28818.00
153701.00,153800.00,28848.00
153801.00,153900.00,28878.00
153901.00,154000.00,28908.00
154001.00,154100.00,28938.00
154101.00,154200.00,28968.00
154201.00,154300.00,28998.00
154301.00,154400.00,29028.00
154401.00,154500.00,29058.00
154501.00,154600.00,29088.00
154601.00,154700.00,29118.00
154701.00,154800.00,29148.00
154801.00,154900.00,29178.00
154901.00,155000.00,29208.00
155001.00,155100.00,29238.00
155101.00,155200.00,29268.00
155201.00,155300.00,29298.00
155301.00,155400.00,29328.00
155401.00,155500.00,29358.00
155501.00,155600.00,29388.00
155601.00,155700.00,29418.00
155701.00,155800.00,29448.00
155801.00,155900.00,29478.00
155901.00,156000.00,29508.00
156001.00,156100.00,29538.00
156101.00,156200.00,29568.00
156201.00,156300.00,29598.00
156301.00,156400.00,29628.00
156401.00,156500.00,29658.00
156501.00,156600.00,29688.00
156601.00,156700.00,29718.00
156701.00,156800.00,29748.00
156801.00,156900.00,29778.00
156901.00,157000.00,29808.00
157001.00,157100.00,29838.00
157101.00,157200.00,29868.00
157201.00,157300.00,29898.00
157301.00,157400.00,29928.00
157401.00,157500.00,29958.00
157501.00,157600.00,29988.00
157601.00,157700.00,30018.00
157701.00,157800.00,30048.00
157801.00,157900.00,30078.00
157901.00,158000.00,30108.00
158001.00,158100.00,30138.00
158101.00,158200.00,30168.00
158201.00,158300.00,30198.00
158301.00,158400.00,30228.00
158401.00,158500.00,30258.00
158501.00,158600.00,30288.00
158601.00,158700.00,30318.00
158701.00,158800.00,30348.00
158801.00,158900.00,30378.00
158901.00,159000.00,30408.00
159001.00,159100.00,30438.00
159101.00,159200.00,30468.00
159201.00,159300.00,30498.00
159301.00,159400.00,30528.00
159401.00,159500.00,30558.00
159501.00,159600.00,30588.00
159601.00,159700.00,30618.00
159701.00,159800.00,30648.00
159801.00,159900.00,30678.00
159901.00,160000.00,30708.00
160001.00,160100.00,30738.00
160101.00,160200.00,30768.00
160201.00,160300.00,30798.00
160301.00,160400.00,30828.00
160401.00,160500.00,30858.00
160501.00,160600.00,30888.00
160601.00,160700.00,30918.00
160701.00,160800.00,30948.00
160801.00,160900.00,30978.00
160901.00,161000.00,31008.00
161001.00,161100.00,31038.00
161101.00,161200.00,31068.00
161201.00,161300.00,31098.00
161301.00,161400.00,31128.00
161401.00,161500.00,31158.00
161501.00,161600.00,31188.00
161601.00,161700.00,31218.00
161701.00,161800.00,31248.00
161801.00,161900.00,31278.00
161901.00,162000.00,31308.00
162001.00,162100.00,31338.00
162101.00,162200.00,31368.00
162201.00,162300.00,31398.00
162301.00,162400.00,31428.00
162401.00,162500.00,31458.00
162501.00,162600.00,31488.00
162601.00,162700.00,31518.00
162701.00,162800.00,31548.00
162801.00,162900.00,31578.00
162901.00,163000.00,31608.00
163001.00,163100.00,31638.00
163101.00,163200.00,31668.00
163201.00,163300.00,31698.00
163301.00,163400.00,31728.00
163401.00,163500.00,31758.00
163501.00,163600.00,31788.00
163601.00,163700.00,31818.00
163701.00,163800.00,31848.00
163801.00,163900.00,31878.00
163901.00,164000.00,31908.00
164001.00,164100.00,31938.00
164101.00,164200.00,31968.00
164201.00,164300.00,31998.00
164301.00,164400.00,32028.00
164401.00,164500.00,32058.00
164501.00,164600.00,32088.00
164601.00,164700.00,32118.00
164701.00,164800.00,32148.00
164801.00,164900.00,32178.00
164901.00,165000.00,32208.00
165001.00,165100.00,32238.00
165101.00,165200.00,32268.00
165201.00,165300.00,32298.00
165301.00,165400.00,32328.00
165401.00,165500.00,32358.00
165501.00,165600.00,32388.00
165601.00,165700.00,32418.00
165701.00,165800.00,32448.00
165801.00,165900.00,32478.00
165901.00,166000.00,32508.00
166001.00,166100.00,32538.00
166101.00,166200.00,32568.00
166201.00,166300.00,32598.00
166301.00,166400.00,32628.00
166401.00,166500.00,32658.00
166501.00,166600.00,32688.00
166601.00,166700.00,32718.00
166701.00,166800.00,32748.00
166801.00,166900.00,32778.00
166901.00,167000.00,32808.00
167001.00,167100.00,32838.00
167101.00,167200.00,32868.00
167201.00,167300.00,32898.00
167301.00,167400.00,32928.00
